,model_name,dataset_name,layers_window,layers_uniform,n_layers,accuracy,f1,train_len,val_len,test_len
0,Uniform,mrpc,[],[],0,0.6519607843137255,0.6453060764721128,1000,408,1000
1,Uniform,mrpc,[],[0],1,0.6985294117647058,0.6888198745660411,1000,408,1000
2,Uniform,mrpc,[],[1],1,0.6740196078431373,0.6690819585277192,1000,408,1000
3,Uniform,mrpc,[],[2],1,0.6568627450980392,0.6512178756633915,1000,408,1000
4,Uniform,mrpc,[],[3],1,0.6225490196078431,0.6109750535159874,1000,408,1000
5,Uniform,mrpc,[],[4],1,0.6691176470588235,0.6687698662433448,1000,408,1000
6,Uniform,mrpc,[],[5],1,0.7083333333333334,0.6998333760574212,1000,408,1000
7,Uniform,mrpc,[],[6],1,0.6813725490196079,0.6744025735294118,1000,408,1000
8,Uniform,mrpc,[],[7],1,0.696078431372549,0.6918648845931185,1000,408,1000
9,Uniform,mrpc,[],[8],1,0.6740196078431373,0.6722459727858737,1000,408,1000
10,Uniform,mrpc,[],[9],1,0.6617647058823529,0.6603051201706337,1000,408,1000
11,Uniform,mrpc,[],[10],1,0.6887254901960784,0.6855704798653062,1000,408,1000
12,Uniform,mrpc,[],[11],1,0.6617647058823529,0.6562004774396288,1000,408,1000
13,Uniform,mrpc,[],"[3, 8]",2,0.6421568627450981,0.6389602993140719,1000,408,1000
14,Uniform,mrpc,[],"[7, 9]",2,0.6813725490196079,0.6777534275863912,1000,408,1000
15,Uniform,mrpc,[],"[6, 10]",2,0.6911764705882353,0.689142678347935,1000,408,1000
16,Uniform,mrpc,[],"[2, 11]",2,0.6666666666666666,0.6574517825832845,1000,408,1000
17,Uniform,mrpc,[],"[1, 10]",2,0.6887254901960784,0.6796541072209452,1000,408,1000
18,Uniform,mrpc,[],"[3, 7]",2,0.6519607843137255,0.6433587275740745,1000,408,1000
19,Uniform,mrpc,[],"[8, 9]",2,0.7205882352941176,0.7111513240156714,1000,408,1000
20,Uniform,mrpc,[],"[4, 5]",2,0.696078431372549,0.6838366925717655,1000,408,1000
21,Uniform,mrpc,[],"[1, 6]",2,0.6691176470588235,0.6649481569592895,1000,408,1000
22,Uniform,mrpc,[],"[6, 7]",2,0.6936274509803921,0.6897668119993422,1000,408,1000
23,Uniform,mrpc,[],"[2, 5, 11]",3,0.6862745098039216,0.6842084351471084,1000,408,1000
24,Uniform,mrpc,[],"[1, 8, 10]",3,0.7034313725490197,0.689962841312498,1000,408,1000
25,Uniform,mrpc,[],"[2, 4, 9]",3,0.6617647058823529,0.6587432966119309,1000,408,1000
26,Uniform,mrpc,[],"[1, 9, 10]",3,0.6887254901960784,0.6767050325333857,1000,408,1000
27,Uniform,mrpc,[],"[1, 2, 5]",3,0.6691176470588235,0.6540907733651836,1000,408,1000
28,Uniform,mrpc,[],"[3, 7, 9]",3,0.6642156862745098,0.6573364391760673,1000,408,1000
29,Uniform,mrpc,[],"[4, 6, 10]",3,0.6862745098039216,0.6785205431653631,1000,408,1000
30,Uniform,mrpc,[],"[2, 5, 6]",3,0.696078431372549,0.692626346313173,1000,408,1000
31,Uniform,mrpc,[],"[4, 5, 10]",3,0.7009803921568627,0.6908812414904555,1000,408,1000
32,Uniform,mrpc,[],"[2, 9, 11]",3,0.6985294117647058,0.691509825107247,1000,408,1000
33,Uniform,mrpc,[],"[1, 3, 4, 8]",4,0.6544117647058824,0.6410662172221052,1000,408,1000
34,Uniform,mrpc,[],"[2, 3, 6, 9]",4,0.6593137254901961,0.6472654796184208,1000,408,1000
35,Uniform,mrpc,[],"[4, 5, 6, 10]",4,0.7401960784313726,0.7314214065408875,1000,408,1000
36,Uniform,mrpc,[],"[4, 8, 9, 11]",4,0.7083333333333334,0.7015420259167675,1000,408,1000
37,Uniform,mrpc,[],"[3, 5, 9, 10]",4,0.6838235294117647,0.675549481286579,1000,408,1000
38,Uniform,mrpc,[],"[2, 5, 7, 10]",4,0.7034313725490197,0.6929433311786254,1000,408,1000
39,Uniform,mrpc,[],"[2, 4, 7, 9]",4,0.6666666666666666,0.6584280771131983,1000,408,1000
40,Uniform,mrpc,[],"[1, 4, 5, 9]",4,0.6985294117647058,0.6826666413171603,1000,408,1000
41,Uniform,mrpc,[],"[3, 5, 9, 11]",4,0.6862745098039216,0.6776016777254444,1000,408,1000
42,Uniform,mrpc,[],"[2, 3, 5, 11]",4,0.6666666666666666,0.6602931436634318,1000,408,1000
43,Uniform,mrpc,[],"[2, 3, 8, 9, 10]",5,0.6642156862745098,0.6465473972394388,1000,408,1000
44,Uniform,mrpc,[],"[4, 5, 7, 8, 9]",5,0.7034313725490197,0.6947885588483022,1000,408,1000
45,Uniform,mrpc,[],"[2, 3, 9, 10, 11]",5,0.6740196078431373,0.6664293230834462,1000,408,1000
46,Uniform,mrpc,[],"[5, 6, 8, 9, 11]",5,0.7254901960784313,0.7187054752696926,1000,408,1000
47,Uniform,mrpc,[],"[1, 2, 6, 9, 11]",5,0.6593137254901961,0.6483411590624367,1000,408,1000
48,Uniform,mrpc,[],"[3, 4, 5, 6, 7]",5,0.6887254901960784,0.6687334834100029,1000,408,1000
49,Uniform,mrpc,[],"[1, 8, 9, 10, 11]",5,0.6691176470588235,0.6632361496081853,1000,408,1000
50,Uniform,mrpc,[],"[1, 3, 4, 5, 7]",5,0.6740196078431373,0.6503757830734034,1000,408,1000
51,Uniform,mrpc,[],"[4, 6, 9, 10, 11]",5,0.6985294117647058,0.6939630142775148,1000,408,1000
52,Uniform,mrpc,[],"[1, 2, 3, 7, 9]",5,0.6691176470588235,0.6504632347879608,1000,408,1000
53,Uniform,mrpc,[],"[1, 6, 8, 9, 10, 11]",6,0.696078431372549,0.6902672780460702,1000,408,1000
54,Uniform,mrpc,[],"[1, 3, 5, 6, 9, 10]",6,0.6691176470588235,0.6465116422856718,1000,408,1000
55,Uniform,mrpc,[],"[1, 2, 3, 4, 5, 11]",6,0.6470588235294118,0.6291371585489233,1000,408,1000
56,Uniform,mrpc,[],"[4, 5, 7, 9, 10, 11]",6,0.6985294117647058,0.6858778521842311,1000,408,1000
57,Uniform,mrpc,[],"[3, 4, 6, 8, 9, 11]",6,0.6666666666666666,0.6543404065885144,1000,408,1000
58,Uniform,mrpc,[],"[1, 5, 6, 7, 9, 11]",6,0.6887254901960784,0.673484128336261,1000,408,1000
59,Uniform,mrpc,[],"[1, 3, 6, 7, 9, 10]",6,0.6740196078431373,0.6543804823345677,1000,408,1000
60,Uniform,mrpc,[],"[2, 3, 4, 5, 6, 11]",6,0.6838235294117647,0.6581131703056035,1000,408,1000
61,Uniform,mrpc,[],"[2, 3, 4, 5, 8, 11]",6,0.6887254901960784,0.6661483041377609,1000,408,1000
62,Uniform,mrpc,[],"[1, 2, 7, 8, 10, 11]",6,0.6642156862745098,0.647774217181636,1000,408,1000
63,Uniform,mrpc,[],"[3, 4, 6, 7, 8, 9, 10]",7,0.7009803921568627,0.6899230117926382,1000,408,1000
64,Uniform,mrpc,[],"[1, 2, 3, 4, 5, 6, 8]",7,0.6397058823529411,0.6179994804750484,1000,408,1000
65,Uniform,mrpc,[],"[1, 2, 3, 4, 5, 7, 11]",7,0.6617647058823529,0.6379491881720825,1000,408,1000
66,Uniform,mrpc,[],"[2, 3, 4, 5, 8, 9, 10]",7,0.6764705882352942,0.6623395300823194,1000,408,1000
67,Uniform,mrpc,[],"[2, 3, 4, 6, 7, 9, 11]",7,0.6740196078431373,0.6530830967994519,1000,408,1000
68,Uniform,mrpc,[],"[1, 2, 3, 4, 5, 7, 9]",7,0.6617647058823529,0.6433361447080357,1000,408,1000
69,Uniform,mrpc,[],"[1, 2, 4, 5, 8, 10, 11]",7,0.678921568627451,0.6569853714031334,1000,408,1000
70,Uniform,mrpc,[],"[1, 3, 4, 5, 9, 10, 11]",7,0.6813725490196079,0.6575768921429958,1000,408,1000
71,Uniform,mrpc,[],"[1, 2, 5, 6, 7, 9, 11]",7,0.6715686274509803,0.6484434146018773,1000,408,1000
72,Uniform,mrpc,[],"[2, 3, 4, 5, 6, 8, 11]",7,0.7083333333333334,0.6859151210360783,1000,408,1000
73,Uniform,mrpc,[],"[1, 2, 3, 4, 5, 7, 9, 11]",8,0.6519607843137255,0.6303050108932463,1000,408,1000
74,Uniform,mrpc,[],"[1, 4, 5, 6, 7, 9, 10, 11]",8,0.6985294117647058,0.6803669122342244,1000,408,1000
75,Uniform,mrpc,[],"[1, 2, 3, 4, 5, 7, 8, 11]",8,0.6642156862745098,0.6426495057257513,1000,408,1000
76,Uniform,mrpc,[],"[3, 5, 6, 7, 8, 9, 10, 11]",8,0.6862745098039216,0.6725716655343704,1000,408,1000
77,Uniform,mrpc,[],"[1, 2, 4, 6, 7, 8, 9, 10]",8,0.6642156862745098,0.6452849123403749,1000,408,1000
78,Uniform,mrpc,[],"[1, 2, 4, 5, 7, 8, 9, 11]",8,0.6764705882352942,0.6563398692810458,1000,408,1000
79,Uniform,mrpc,[],"[1, 3, 4, 5, 6, 7, 10, 11]",8,0.6911764705882353,0.6694318674614667,1000,408,1000
80,Uniform,mrpc,[],"[1, 2, 3, 4, 5, 7, 9, 10]",8,0.6544117647058824,0.6335913384148424,1000,408,1000
81,Uniform,mrpc,[],"[1, 2, 4, 5, 6, 7, 9, 10]",8,0.6764705882352942,0.6523088443298113,1000,408,1000
82,Uniform,mrpc,[],"[1, 3, 4, 5, 7, 8, 9, 10]",8,0.6936274509803921,0.6687143123116313,1000,408,1000
83,Uniform,mrpc,[],"[1, 2, 3, 4, 6, 8, 9, 10, 11]",9,0.6666666666666666,0.6459259259259259,1000,408,1000
84,Uniform,mrpc,[],"[1, 3, 5, 6, 7, 8, 9, 10, 11]",9,0.6813725490196079,0.6561774380804953,1000,408,1000
85,Uniform,mrpc,[],"[1, 2, 3, 4, 6, 7, 8, 9, 10]",9,0.6838235294117647,0.6566649916523235,1000,408,1000
86,Uniform,mrpc,[],"[1, 2, 4, 6, 7, 8, 9, 10, 11]",9,0.6593137254901961,0.6360379131682103,1000,408,1000
87,Uniform,mrpc,[],"[1, 2, 3, 5, 6, 7, 8, 9, 11]",9,0.6593137254901961,0.6360379131682103,1000,408,1000
88,Uniform,mrpc,[],"[1, 3, 5, 6, 7, 8, 9, 10, 11]",9,0.6813725490196079,0.6561774380804953,1000,408,1000
89,Uniform,mrpc,[],"[1, 2, 4, 5, 6, 7, 8, 10, 11]",9,0.6813725490196079,0.658937641031672,1000,408,1000
90,Uniform,mrpc,[],"[1, 2, 3, 4, 5, 6, 8, 10, 11]",9,0.6617647058823529,0.6407189542483661,1000,408,1000
91,Uniform,mrpc,[],"[1, 2, 4, 6, 7, 8, 9, 10, 11]",9,0.6593137254901961,0.6360379131682103,1000,408,1000
92,Uniform,mrpc,[],"[1, 2, 4, 5, 6, 7, 8, 9, 10]",9,0.6838235294117647,0.6647750542944304,1000,408,1000
93,Uniform,mrpc,[],"[1, 2, 3, 4, 5, 6, 7, 8, 10, 11]",10,0.6764705882352942,0.6563398692810458,1000,408,1000
94,Uniform,mrpc,[],"[1, 2, 3, 4, 5, 6, 7, 9, 10, 11]",10,0.6593137254901961,0.6374327101889009,1000,408,1000
95,Uniform,mrpc,[],"[2, 3, 4, 5, 6, 7, 8, 9, 10, 11]",10,0.6813725490196079,0.6615468409586056,1000,408,1000
96,Uniform,mrpc,[],"[2, 3, 4, 5, 6, 7, 8, 9, 10, 11]",10,0.6813725490196079,0.6615468409586056,1000,408,1000
97,Uniform,mrpc,[],"[1, 2, 3, 4, 6, 7, 8, 9, 10, 11]",10,0.6666666666666666,0.6388031195288875,1000,408,1000
98,Uniform,mrpc,[],"[1, 2, 3, 4, 5, 6, 7, 9, 10, 11]",10,0.6593137254901961,0.6374327101889009,1000,408,1000
99,Uniform,mrpc,[],"[1, 2, 3, 4, 6, 7, 8, 9, 10, 11]",10,0.6666666666666666,0.6388031195288875,1000,408,1000
100,Uniform,mrpc,[],"[1, 2, 3, 4, 6, 7, 8, 9, 10, 11]",10,0.6666666666666666,0.6388031195288875,1000,408,1000
101,Uniform,mrpc,[],"[1, 2, 3, 4, 6, 7, 8, 9, 10, 11]",10,0.6666666666666666,0.6388031195288875,1000,408,1000
102,Uniform,mrpc,[],"[1, 3, 4, 5, 6, 7, 8, 9, 10, 11]",10,0.6985294117647058,0.6803669122342244,1000,408,1000
103,Uniform,mrpc,[],"[2, 7]",2,0.6642156862745098,0.6554285188857468,1000,408,1000
104,Uniform,mrpc,[],"[1, 8]",2,0.6764705882352942,0.6684743101392805,1000,408,1000
105,Uniform,mrpc,[],"[4, 10]",2,0.6740196078431373,0.6673412146745763,1000,408,1000
106,Uniform,mrpc,[],"[4, 10]",2,0.6740196078431373,0.6673412146745763,1000,408,1000
107,Uniform,mrpc,[],"[2, 3]",2,0.6421568627450981,0.6389602993140719,1000,408,1000
108,Uniform,mrpc,[],"[4, 7]",2,0.6593137254901961,0.6513810218691654,1000,408,1000
109,Uniform,mrpc,[],"[4, 8]",2,0.6985294117647058,0.6968891327267854,1000,408,1000
110,Uniform,mrpc,[],"[1, 2]",2,0.6421568627450981,0.631184141645027,1000,408,1000
111,Uniform,mrpc,[],"[1, 3]",2,0.6299019607843137,0.6261507280288287,1000,408,1000
112,Uniform,mrpc,[],"[7, 11]",2,0.6715686274509803,0.6661656809921033,1000,408,1000
113,Uniform,mrpc,[],"[8, 11]",2,0.6813725490196079,0.679274191946282,1000,408,1000
114,Uniform,mrpc,[],"[2, 7]",2,0.6642156862745098,0.6554285188857468,1000,408,1000
115,Uniform,mrpc,[],"[1, 9]",2,0.6887254901960784,0.6814776242977267,1000,408,1000
116,Uniform,mrpc,[],"[10, 11]",2,0.7034313725490197,0.6989392254274739,1000,408,1000
117,Uniform,mrpc,[],"[5, 11]",2,0.7107843137254902,0.7044577205882353,1000,408,1000
118,Uniform,mrpc,[],"[5, 10]",2,0.7083333333333334,0.7039154365774332,1000,408,1000
119,Uniform,mrpc,[],"[1, 3]",2,0.6299019607843137,0.6261507280288287,1000,408,1000
120,Uniform,mrpc,[],"[7, 9]",2,0.6813725490196079,0.6777534275863912,1000,408,1000
121,Uniform,mrpc,[],"[7, 9]",2,0.6813725490196079,0.6777534275863912,1000,408,1000
122,Uniform,mrpc,[],"[4, 11]",2,0.6666666666666666,0.6636890459363957,1000,408,1000
123,Uniform,mrpc,[],"[4, 6, 8]",3,0.6838235294117647,0.6746092900118262,1000,408,1000
124,Uniform,mrpc,[],"[4, 7, 10]",3,0.6862745098039216,0.6785205431653631,1000,408,1000
125,Uniform,mrpc,[],"[6, 10, 11]",3,0.6519607843137255,0.6471355936469583,1000,408,1000
126,Uniform,mrpc,[],"[4, 8, 10]",3,0.6985294117647058,0.6888198745660411,1000,408,1000
127,Uniform,mrpc,[],"[5, 9, 10]",3,0.7009803921568627,0.6952629671098434,1000,408,1000
128,Uniform,mrpc,[],"[2, 5, 6]",3,0.696078431372549,0.692626346313173,1000,408,1000
129,Uniform,mrpc,[],"[1, 7, 10]",3,0.7034313725490197,0.6989392254274739,1000,408,1000
130,Uniform,mrpc,[],"[3, 5, 8]",3,0.6642156862745098,0.6599844259512789,1000,408,1000
131,Uniform,mrpc,[],"[2, 7, 11]",3,0.6862745098039216,0.6766545899353662,1000,408,1000
132,Uniform,mrpc,[],"[3, 8, 9]",3,0.6911764705882353,0.6860960880970525,1000,408,1000
133,Uniform,mrpc,[],"[1, 5, 7]",3,0.7083333333333334,0.6989395534419424,1000,408,1000
134,Uniform,mrpc,[],"[1, 2, 5]",3,0.6691176470588235,0.6540907733651836,1000,408,1000
135,Uniform,mrpc,[],"[2, 5, 7]",3,0.6568627450980392,0.6503017655358857,1000,408,1000
136,Uniform,mrpc,[],"[1, 2, 10]",3,0.6446078431372549,0.6320395290983526,1000,408,1000
137,Uniform,mrpc,[],"[2, 7, 9]",3,0.696078431372549,0.6918648845931185,1000,408,1000
138,Uniform,mrpc,[],"[1, 5, 10]",3,0.7230392156862745,0.7173650921671212,1000,408,1000
139,Uniform,mrpc,[],"[7, 9, 10]",3,0.6813725490196079,0.6734974266523218,1000,408,1000
140,Uniform,mrpc,[],"[1, 10, 11]",3,0.6985294117647058,0.69756212645486,1000,408,1000
141,Uniform,mrpc,[],"[1, 7, 8]",3,0.6838235294117647,0.6694645167711756,1000,408,1000
142,Uniform,mrpc,[],"[6, 9, 11]",3,0.7083333333333334,0.7046580050233736,1000,408,1000
143,Uniform,mrpc,[],"[1, 3, 4, 6]",4,0.6936274509803921,0.6786261105671859,1000,408,1000
144,Uniform,mrpc,[],"[1, 3, 6, 11]",4,0.6274509803921569,0.6148684320208953,1000,408,1000
145,Uniform,mrpc,[],"[7, 8, 9, 11]",4,0.7034313725490197,0.6929433311786254,1000,408,1000
146,Uniform,mrpc,[],"[2, 4, 6, 8]",4,0.6617647058823529,0.6513932297740667,1000,408,1000
147,Uniform,mrpc,[],"[4, 5, 6, 11]",4,0.7034313725490197,0.6956704436874114,1000,408,1000
148,Uniform,mrpc,[],"[7, 8, 10, 11]",4,0.7034313725490197,0.6956704436874114,1000,408,1000
149,Uniform,mrpc,[],"[1, 2, 7, 8]",4,0.6495098039215687,0.6323482704888608,1000,408,1000
150,Uniform,mrpc,[],"[1, 6, 8, 10]",4,0.7107843137254902,0.6981520041644975,1000,408,1000
151,Uniform,mrpc,[],"[2, 3, 5, 9]",4,0.6642156862745098,0.6501241117824361,1000,408,1000
152,Uniform,mrpc,[],"[2, 4, 5, 10]",4,0.6936274509803921,0.68279269749858,1000,408,1000
153,Uniform,mrpc,[],"[2, 4, 5, 8]",4,0.6887254901960784,0.6805797218867871,1000,408,1000
154,Uniform,mrpc,[],"[1, 3, 6, 11]",4,0.6274509803921569,0.6148684320208953,1000,408,1000
155,Uniform,mrpc,[],"[4, 5, 7, 8]",4,0.6887254901960784,0.6831925259277003,1000,408,1000
156,Uniform,mrpc,[],"[4, 5, 6, 9]",4,0.7034313725490197,0.6947885588483022,1000,408,1000
157,Uniform,mrpc,[],"[2, 6, 7, 11]",4,0.6838235294117647,0.6764615238929664,1000,408,1000
158,Uniform,mrpc,[],"[2, 6, 8, 10]",4,0.696078431372549,0.6838366925717655,1000,408,1000
159,Uniform,mrpc,[],"[1, 2, 6, 11]",4,0.6348039215686274,0.6207011799013736,1000,408,1000
160,Uniform,mrpc,[],"[6, 7, 8, 11]",4,0.6887254901960784,0.6840105919775966,1000,408,1000
161,Uniform,mrpc,[],"[2, 4, 5, 9]",4,0.696078431372549,0.6885667761914455,1000,408,1000
162,Uniform,mrpc,[],"[1, 7, 9, 11]",4,0.6936274509803921,0.6912532068498521,1000,408,1000
163,Uniform,mrpc,[],"[1, 2, 6, 9, 11]",5,0.6593137254901961,0.6483411590624367,1000,408,1000
164,Uniform,mrpc,[],"[1, 2, 7, 9, 11]",5,0.6519607843137255,0.6462352738871542,1000,408,1000
165,Uniform,mrpc,[],"[4, 5, 7, 8, 9]",5,0.7034313725490197,0.6947885588483022,1000,408,1000
166,Uniform,mrpc,[],"[1, 3, 4, 7, 9]",5,0.6593137254901961,0.6346032620090455,1000,408,1000
167,Uniform,mrpc,[],"[1, 3, 5, 8, 11]",5,0.6617647058823529,0.6433361447080357,1000,408,1000
168,Uniform,mrpc,[],"[3, 4, 5, 6, 11]",5,0.7083333333333334,0.6871783322235714,1000,408,1000
169,Uniform,mrpc,[],"[1, 3, 5, 6, 9]",5,0.6911764705882353,0.6707141669969444,1000,408,1000
170,Uniform,mrpc,[],"[2, 3, 8, 10, 11]",5,0.6691176470588235,0.6552317889826924,1000,408,1000
171,Uniform,mrpc,[],"[4, 6, 7, 8, 10]",5,0.7181372549019608,0.7099230104756591,1000,408,1000
172,Uniform,mrpc,[],"[2, 3, 4, 6, 11]",5,0.6764705882352942,0.6645068652182641,1000,408,1000
173,Uniform,mrpc,[],"[2, 4, 5, 6, 11]",5,0.7107843137254902,0.6960985049220344,1000,408,1000
174,Uniform,mrpc,[],"[3, 5, 6, 7, 9]",5,0.6985294117647058,0.6888198745660411,1000,408,1000
175,Uniform,mrpc,[],"[1, 6, 7, 8, 9]",5,0.6936274509803921,0.6807701749839744,1000,408,1000
176,Uniform,mrpc,[],"[3, 5, 8, 9, 10]",5,0.6985294117647058,0.6906402030872033,1000,408,1000
177,Uniform,mrpc,[],"[4, 5, 6, 8, 10]",5,0.7205882352941176,0.7136823587566514,1000,408,1000
178,Uniform,mrpc,[],"[3, 4, 6, 10, 11]",5,0.6985294117647058,0.6897437416391832,1000,408,1000
179,Uniform,mrpc,[],"[1, 5, 6, 7, 11]",5,0.7083333333333334,0.6907614841940869,1000,408,1000
180,Uniform,mrpc,[],"[3, 4, 6, 8, 11]",5,0.6862745098039216,0.6725716655343704,1000,408,1000
181,Uniform,mrpc,[],"[1, 2, 4, 10, 11]",5,0.6666666666666666,0.6644714623438027,1000,408,1000
182,Uniform,mrpc,[],"[6, 8, 9, 10, 11]",5,0.6936274509803921,0.6905221258516794,1000,408,1000
183,Uniform,mrpc,[],"[2, 4, 8, 9, 10, 11]",6,0.678921568627451,0.6740581696776783,1000,408,1000
184,Uniform,mrpc,[],"[1, 2, 3, 6, 8, 10]",6,0.6887254901960784,0.6590144685467925,1000,408,1000
185,Uniform,mrpc,[],"[1, 3, 4, 5, 6, 11]",6,0.6740196078431373,0.6489639588050288,1000,408,1000
186,Uniform,mrpc,[],"[1, 3, 4, 6, 7, 11]",6,0.6691176470588235,0.6422114572965618,1000,408,1000
187,Uniform,mrpc,[],"[2, 3, 4, 6, 8, 9]",6,0.6862745098039216,0.6714739950034068,1000,408,1000
188,Uniform,mrpc,[],"[3, 4, 6, 7, 9, 11]",6,0.6642156862745098,0.648966192229853,1000,408,1000
189,Uniform,mrpc,[],"[1, 2, 6, 8, 10, 11]",6,0.6862745098039216,0.6600499948507176,1000,408,1000
190,Uniform,mrpc,[],"[3, 4, 5, 7, 9, 10]",6,0.6862745098039216,0.6714739950034068,1000,408,1000
191,Uniform,mrpc,[],"[1, 2, 4, 8, 9, 10]",6,0.6715686274509803,0.657223462356294,1000,408,1000
192,Uniform,mrpc,[],"[1, 3, 4, 6, 8, 10]",6,0.7132352941176471,0.685863722991927,1000,408,1000
193,Uniform,mrpc,[],"[1, 2, 6, 8, 10, 11]",6,0.6862745098039216,0.6600499948507176,1000,408,1000
194,Uniform,mrpc,[],"[1, 3, 7, 8, 9, 10]",6,0.6593137254901961,0.6438416110945225,1000,408,1000
195,Uniform,mrpc,[],"[2, 4, 5, 8, 10, 11]",6,0.6813725490196079,0.6734974266523218,1000,408,1000
196,Uniform,mrpc,[],"[1, 6, 7, 8, 9, 10]",6,0.696078431372549,0.6817404326595504,1000,408,1000
197,Uniform,mrpc,[],"[2, 4, 7, 9, 10, 11]",6,0.6764705882352942,0.6711482827683406,1000,408,1000
198,Uniform,mrpc,[],"[1, 3, 4, 5, 9, 11]",6,0.6740196078431373,0.6517485068444027,1000,408,1000
199,Uniform,mrpc,[],"[4, 6, 8, 9, 10, 11]",6,0.7083333333333334,0.6998333760574212,1000,408,1000
200,Uniform,mrpc,[],"[2, 3, 4, 5, 8, 10]",6,0.678921568627451,0.6654471433832054,1000,408,1000
201,Uniform,mrpc,[],"[3, 4, 5, 7, 9, 11]",6,0.6911764705882353,0.6766072138314785,1000,408,1000
202,Uniform,mrpc,[],"[6, 7, 8, 9, 10, 11]",6,0.6911764705882353,0.6852715889822971,1000,408,1000
203,Uniform,mrpc,[],"[1, 2, 3, 4, 8, 10, 11]",7,0.678921568627451,0.6542426962666071,1000,408,1000
204,Uniform,mrpc,[],"[2, 4, 6, 7, 9, 10, 11]",7,0.6985294117647058,0.6848382601771673,1000,408,1000
205,Uniform,mrpc,[],"[1, 2, 3, 5, 6, 8, 10]",7,0.6936274509803921,0.6714058111592136,1000,408,1000
206,Uniform,mrpc,[],"[3, 4, 5, 6, 7, 8, 10]",7,0.7034313725490197,0.6909855293844874,1000,408,1000
207,Uniform,mrpc,[],"[2, 3, 4, 6, 8, 9, 10]",7,0.7058823529411765,0.6920068703156939,1000,408,1000
208,Uniform,mrpc,[],"[2, 3, 4, 6, 8, 10, 11]",7,0.6838235294117647,0.6635166878731525,1000,408,1000
209,Uniform,mrpc,[],"[3, 4, 5, 6, 7, 9, 11]",7,0.6740196078431373,0.6635206773762885,1000,408,1000
210,Uniform,mrpc,[],"[2, 4, 5, 6, 7, 10, 11]",7,0.7083333333333334,0.6950874224478286,1000,408,1000
211,Uniform,mrpc,[],"[2, 4, 5, 6, 7, 8, 10]",7,0.7034313725490197,0.6867114919210611,1000,408,1000
212,Uniform,mrpc,[],"[1, 3, 4, 6, 8, 9, 10]",7,0.6936274509803921,0.6726959650793258,1000,408,1000
213,Uniform,mrpc,[],"[1, 2, 3, 4, 7, 10, 11]",7,0.6911764705882353,0.6694318674614667,1000,408,1000
214,Uniform,mrpc,[],"[1, 3, 4, 7, 9, 10, 11]",7,0.6617647058823529,0.6420461621486985,1000,408,1000
215,Uniform,mrpc,[],"[3, 4, 5, 7, 8, 10, 11]",7,0.7083333333333334,0.6940520572599611,1000,408,1000
216,Uniform,mrpc,[],"[1, 2, 4, 5, 6, 8, 11]",7,0.6715686274509803,0.6498071299808774,1000,408,1000
217,Uniform,mrpc,[],"[1, 2, 4, 6, 7, 8, 9]",7,0.6519607843137255,0.6390907186438902,1000,408,1000
218,Uniform,mrpc,[],"[1, 3, 6, 7, 9, 10, 11]",7,0.6617647058823529,0.6433361447080357,1000,408,1000
219,Uniform,mrpc,[],"[1, 4, 5, 6, 7, 8, 11]",7,0.7205882352941176,0.7042990035141422,1000,408,1000
220,Uniform,mrpc,[],"[1, 2, 5, 7, 8, 9, 11]",7,0.6691176470588235,0.6491831963546364,1000,408,1000
221,Uniform,mrpc,[],"[2, 3, 4, 5, 8, 10, 11]",7,0.6593137254901961,0.6438416110945225,1000,408,1000
222,Uniform,mrpc,[],"[1, 3, 4, 5, 6, 9, 10]",7,0.678921568627451,0.6608198796831323,1000,408,1000
223,Uniform,mrpc,[],"[3, 11]",2,0.6495098039215687,0.6403377970851226,1000,408,1000
224,Uniform,mrpc,[],"[10, 11]",2,0.7034313725490197,0.6989392254274739,1000,408,1000
225,Uniform,mrpc,[],"[5, 9]",2,0.7009803921568627,0.6960612916495269,1000,408,1000
226,Uniform,mrpc,[],"[2, 6]",2,0.6887254901960784,0.6814776242977267,1000,408,1000
227,Uniform,mrpc,[],"[5, 6]",2,0.7034313725490197,0.6989392254274739,1000,408,1000
228,Uniform,mrpc,[],"[4, 9]",2,0.6911764705882353,0.6898438053731875,1000,408,1000
229,Uniform,mrpc,[],"[2, 10]",2,0.6936274509803921,0.6864937247024869,1000,408,1000
230,Uniform,mrpc,[],"[5, 10]",2,0.7083333333333334,0.7039154365774332,1000,408,1000
231,Uniform,mrpc,[],"[3, 7]",2,0.6519607843137255,0.6433587275740745,1000,408,1000
232,Uniform,mrpc,[],"[1, 4]",2,0.6593137254901961,0.6582206144489882,1000,408,1000
233,Uniform,mrpc,[],"[4, 9]",2,0.6911764705882353,0.6898438053731875,1000,408,1000
234,Uniform,mrpc,[],"[5, 11]",2,0.7107843137254902,0.7044577205882353,1000,408,1000
235,Uniform,mrpc,[],"[2, 4]",2,0.6470588235294118,0.6484788751116507,1000,408,1000
236,Uniform,mrpc,[],"[1, 3]",2,0.6299019607843137,0.6261507280288287,1000,408,1000
237,Uniform,mrpc,[],"[3, 9]",2,0.6764705882352942,0.670284521790978,1000,408,1000
238,Uniform,mrpc,[],"[9, 11]",2,0.6838235294117647,0.6790343808276376,1000,408,1000
239,Uniform,mrpc,[],"[5, 7]",2,0.696078431372549,0.6894301470588236,1000,408,1000
240,Uniform,mrpc,[],"[7, 9]",2,0.6813725490196079,0.6777534275863912,1000,408,1000
241,Uniform,mrpc,[],"[1, 2]",2,0.6421568627450981,0.631184141645027,1000,408,1000
242,Uniform,mrpc,[],"[8, 10]",2,0.6813725490196079,0.6761308845445779,1000,408,1000
243,Uniform,mrpc,[],"[7, 8, 10]",3,0.7205882352941176,0.7152457233649355,1000,408,1000
244,Uniform,mrpc,[],"[3, 5, 8]",3,0.6642156862745098,0.6599844259512789,1000,408,1000
245,Uniform,mrpc,[],"[2, 6, 7]",3,0.678921568627451,0.6723436024238307,1000,408,1000
246,Uniform,mrpc,[],"[2, 4, 6]",3,0.6715686274509803,0.6670152785119182,1000,408,1000
247,Uniform,mrpc,[],"[1, 6, 8]",3,0.6642156862745098,0.6554285188857468,1000,408,1000
248,Uniform,mrpc,[],"[6, 7, 10]",3,0.6936274509803921,0.6856099624869952,1000,408,1000
249,Uniform,mrpc,[],"[2, 6, 10]",3,0.6813725490196079,0.6752802108547512,1000,408,1000
250,Uniform,mrpc,[],"[2, 6, 9]",3,0.6715686274509803,0.6686347952608606,1000,408,1000
251,Uniform,mrpc,[],"[1, 2, 10]",3,0.6446078431372549,0.6320395290983526,1000,408,1000
252,Uniform,mrpc,[],"[3, 4, 9]",3,0.6691176470588235,0.651707289250542,1000,408,1000
253,Uniform,mrpc,[],"[7, 8, 9]",3,0.7156862745098039,0.7069682221289255,1000,408,1000
254,Uniform,mrpc,[],"[2, 8, 10]",3,0.6666666666666666,0.6564455018063265,1000,408,1000
255,Uniform,mrpc,[],"[7, 9, 10]",3,0.6813725490196079,0.6734974266523218,1000,408,1000
256,Uniform,mrpc,[],"[1, 3, 5]",3,0.6691176470588235,0.6574161132984662,1000,408,1000
257,Uniform,mrpc,[],"[5, 6, 10]",3,0.7009803921568627,0.6975839858887672,1000,408,1000
258,Uniform,mrpc,[],"[4, 7, 11]",3,0.6740196078431373,0.6624914301384891,1000,408,1000
259,Uniform,mrpc,[],"[5, 9, 11]",3,0.7132352941176471,0.7048781932665401,1000,408,1000
260,Uniform,mrpc,[],"[4, 9, 11]",3,0.696078431372549,0.694766919573613,1000,408,1000
261,Uniform,mrpc,[],"[1, 8, 9]",3,0.6936274509803921,0.6846989244300643,1000,408,1000
262,Uniform,mrpc,[],"[1, 5, 6]",3,0.7034313725490197,0.6973555411701032,1000,408,1000
263,Uniform,mrpc,[],"[2, 6, 7, 8]",4,0.6911764705882353,0.6787372843874392,1000,408,1000
264,Uniform,mrpc,[],"[2, 3, 6, 10]",4,0.6568627450980392,0.6463409577418068,1000,408,1000
265,Uniform,mrpc,[],"[2, 4, 7, 11]",4,0.6617647058823529,0.648140835281481,1000,408,1000
266,Uniform,mrpc,[],"[2, 4, 8, 10]",4,0.6911764705882353,0.6826391515109844,1000,408,1000
267,Uniform,mrpc,[],"[2, 9, 10, 11]",4,0.6887254901960784,0.6883983186141096,1000,408,1000
268,Uniform,mrpc,[],"[4, 6, 8, 9]",4,0.6764705882352942,0.6727957880107972,1000,408,1000
269,Uniform,mrpc,[],"[2, 8, 10, 11]",4,0.6813725490196079,0.6734974266523218,1000,408,1000
270,Uniform,mrpc,[],"[1, 3, 4, 9]",4,0.6715686274509803,0.6548915225385813,1000,408,1000
271,Uniform,mrpc,[],"[2, 3, 4, 9]",4,0.6740196078431373,0.6603394661829489,1000,408,1000
272,Uniform,mrpc,[],"[2, 4, 5, 7]",4,0.6691176470588235,0.6604587594859548,1000,408,1000
273,Uniform,mrpc,[],"[1, 5, 10, 11]",4,0.7132352941176471,0.7088916477273922,1000,408,1000
274,Uniform,mrpc,[],"[1, 2, 4, 8]",4,0.6495098039215687,0.6413488210596452,1000,408,1000
275,Uniform,mrpc,[],"[1, 5, 10, 11]",4,0.7132352941176471,0.7088916477273922,1000,408,1000
276,Uniform,mrpc,[],"[2, 7, 8, 11]",4,0.6715686274509803,0.6604761177026314,1000,408,1000
277,Uniform,mrpc,[],"[2, 6, 7, 9]",4,0.6715686274509803,0.6604761177026314,1000,408,1000
278,Uniform,mrpc,[],"[3, 5, 8, 9]",4,0.6862745098039216,0.6802758999185241,1000,408,1000
279,Uniform,mrpc,[],"[1, 2, 4, 7]",4,0.6593137254901961,0.6461574765522882,1000,408,1000
280,Uniform,mrpc,[],"[2, 5, 10, 11]",4,0.6911764705882353,0.6860960880970525,1000,408,1000
281,Uniform,mrpc,[],"[5, 6, 10, 11]",4,0.6985294117647058,0.6968891327267854,1000,408,1000
282,Uniform,mrpc,[],"[4, 7, 10, 11]",4,0.6862745098039216,0.6785205431653631,1000,408,1000
283,Uniform,mrpc,[],"[3, 5, 8, 9, 10]",5,0.6985294117647058,0.6906402030872033,1000,408,1000
284,Uniform,mrpc,[],"[2, 4, 6, 7, 9]",5,0.6887254901960784,0.6796541072209452,1000,408,1000
285,Uniform,mrpc,[],"[3, 6, 7, 8, 9]",5,0.6887254901960784,0.673484128336261,1000,408,1000
286,Uniform,mrpc,[],"[1, 2, 4, 6, 7]",5,0.6740196078431373,0.6568671812616449,1000,408,1000
287,Uniform,mrpc,[],"[1, 2, 4, 7, 11]",5,0.6299019607843137,0.6191163007115176,1000,408,1000
288,Uniform,mrpc,[],"[2, 3, 6, 7, 10]",5,0.6887254901960784,0.6723468572949542,1000,408,1000
289,Uniform,mrpc,[],"[1, 2, 3, 7, 9]",5,0.6691176470588235,0.6504632347879608,1000,408,1000
290,Uniform,mrpc,[],"[3, 5, 8, 9, 10]",5,0.6985294117647058,0.6906402030872033,1000,408,1000
291,Uniform,mrpc,[],"[1, 2, 5, 8, 11]",5,0.6666666666666666,0.6509411196911198,1000,408,1000
292,Uniform,mrpc,[],"[1, 2, 4, 8, 9]",5,0.6740196078431373,0.6635206773762885,1000,408,1000
293,Uniform,mrpc,[],"[2, 3, 4, 7, 10]",5,0.6838235294117647,0.6694645167711756,1000,408,1000
294,Uniform,mrpc,[],"[1, 2, 3, 6, 10]",5,0.6666666666666666,0.6485051860890788,1000,408,1000
295,Uniform,mrpc,[],"[2, 3, 6, 9, 10]",5,0.6715686274509803,0.6614977738385864,1000,408,1000
296,Uniform,mrpc,[],"[2, 4, 6, 7, 10]",5,0.6764705882352942,0.6665500458708464,1000,408,1000
297,Uniform,mrpc,[],"[2, 3, 6, 9, 11]",5,0.6397058823529411,0.6292059351297556,1000,408,1000
298,Uniform,mrpc,[],"[1, 3, 7, 8, 9]",5,0.6715686274509803,0.6560743385191914,1000,408,1000
299,Uniform,mrpc,[],"[1, 2, 4, 5, 7]",5,0.6862745098039216,0.6654874077429276,1000,408,1000
300,Uniform,mrpc,[],"[1, 6, 7, 9, 11]",5,0.6838235294117647,0.6736403562521895,1000,408,1000
301,Uniform,mrpc,[],"[1, 4, 7, 8, 9]",5,0.7132352941176471,0.7021613291843002,1000,408,1000
302,Uniform,mrpc,[],"[2, 3, 7, 9, 10]",5,0.6593137254901961,0.6483411590624367,1000,408,1000
303,Uniform,mrpc,[],"[1, 2, 3, 6, 10, 11]",6,0.6715686274509803,0.657223462356294,1000,408,1000
304,Uniform,mrpc,[],"[2, 3, 6, 8, 9, 11]",6,0.6691176470588235,0.6540907733651836,1000,408,1000
305,Uniform,mrpc,[],"[1, 2, 3, 5, 6, 9]",6,0.6691176470588235,0.6436852213434502,1000,408,1000
306,Uniform,mrpc,[],"[2, 3, 6, 7, 8, 11]",6,0.696078431372549,0.6783603196118742,1000,408,1000
307,Uniform,mrpc,[],"[2, 4, 7, 8, 9, 11]",6,0.678921568627451,0.668580516814239,1000,408,1000
308,Uniform,mrpc,[],"[2, 4, 7, 9, 10, 11]",6,0.6764705882352942,0.6711482827683406,1000,408,1000
309,Uniform,mrpc,[],"[1, 2, 4, 5, 8, 9]",6,0.6862745098039216,0.6667538126361654,1000,408,1000
310,Uniform,mrpc,[],"[4, 6, 7, 8, 10, 11]",6,0.7230392156862745,0.7149678276847781,1000,408,1000
311,Uniform,mrpc,[],"[1, 2, 3, 5, 8, 10]",6,0.678921568627451,0.6569853714031334,1000,408,1000
312,Uniform,mrpc,[],"[1, 2, 3, 6, 7, 9]",6,0.6740196078431373,0.6517485068444027,1000,408,1000
313,Uniform,mrpc,[],"[4, 5, 6, 8, 10, 11]",6,0.7328431372549019,0.7233952322187617,1000,408,1000
314,Uniform,mrpc,[],"[1, 2, 4, 6, 8, 10]",6,0.6887254901960784,0.6634137413086175,1000,408,1000
315,Uniform,mrpc,[],"[1, 3, 4, 8, 9, 10]",6,0.6544117647058824,0.6349282674452035,1000,408,1000
316,Uniform,mrpc,[],"[2, 3, 5, 6, 8, 11]",6,0.7009803921568627,0.6823747276688453,1000,408,1000
317,Uniform,mrpc,[],"[1, 3, 4, 5, 8, 10]",6,0.696078431372549,0.6771677559912854,1000,408,1000
318,Uniform,mrpc,[],"[1, 3, 6, 7, 8, 11]",6,0.6666666666666666,0.6388031195288875,1000,408,1000
319,Uniform,mrpc,[],"[1, 2, 4, 7, 8, 9]",6,0.6617647058823529,0.6458079008630478,1000,408,1000
320,Uniform,mrpc,[],"[2, 4, 5, 6, 10, 11]",6,0.6985294117647058,0.6878680143386026,1000,408,1000
321,Uniform,mrpc,[],"[2, 3, 4, 6, 10, 11]",6,0.6813725490196079,0.6706111589652394,1000,408,1000
322,Uniform,mrpc,[],"[2, 5, 6, 8, 9, 10]",6,0.7205882352941176,0.7093337334933975,1000,408,1000
323,Uniform,mrpc,[],"[2, 3, 4, 7, 8, 9, 10]",7,0.6593137254901961,0.6374327101889009,1000,408,1000
324,Uniform,mrpc,[],"[2, 3, 6, 7, 9, 10, 11]",7,0.6715686274509803,0.6604761177026314,1000,408,1000
325,Uniform,mrpc,[],"[2, 3, 5, 6, 7, 10, 11]",7,0.6936274509803921,0.6797136790418367,1000,408,1000
326,Uniform,mrpc,[],"[1, 4, 6, 7, 8, 9, 11]",7,0.7132352941176471,0.6981463173504695,1000,408,1000
327,Uniform,mrpc,[],"[1, 2, 3, 4, 6, 7, 8]",7,0.6887254901960784,0.6687334834100029,1000,408,1000
328,Uniform,mrpc,[],"[2, 4, 6, 8, 9, 10, 11]",7,0.6764705882352942,0.6684743101392805,1000,408,1000
329,Uniform,mrpc,[],"[1, 2, 3, 7, 9, 10, 11]",7,0.6544117647058824,0.6374902527197858,1000,408,1000
330,Uniform,mrpc,[],"[1, 2, 3, 4, 5, 7, 9]",7,0.6617647058823529,0.6433361447080357,1000,408,1000
331,Uniform,mrpc,[],"[1, 2, 7, 8, 9, 10, 11]",7,0.6617647058823529,0.6458079008630478,1000,408,1000
332,Uniform,mrpc,[],"[1, 2, 3, 4, 5, 6, 8]",7,0.6397058823529411,0.6179994804750484,1000,408,1000
333,Uniform,mrpc,[],"[1, 3, 4, 5, 7, 9, 10]",7,0.6691176470588235,0.6451182760519507,1000,408,1000
334,Uniform,mrpc,[],"[1, 2, 3, 4, 7, 9, 11]",7,0.6617647058823529,0.6407189542483661,1000,408,1000
335,Uniform,mrpc,[],"[1, 3, 5, 6, 7, 9, 11]",7,0.6740196078431373,0.6517485068444027,1000,408,1000
336,Uniform,mrpc,[],"[1, 3, 4, 5, 6, 8, 9]",7,0.6838235294117647,0.665998202130718,1000,408,1000
337,Uniform,mrpc,[],"[1, 2, 4, 6, 7, 8, 9]",7,0.6519607843137255,0.6390907186438902,1000,408,1000
338,Uniform,mrpc,[],"[1, 2, 4, 5, 8, 9, 11]",7,0.6838235294117647,0.6647750542944304,1000,408,1000
339,Uniform,mrpc,[],"[2, 4, 6, 7, 8, 9, 11]",7,0.696078431372549,0.6848397824777634,1000,408,1000
340,Uniform,mrpc,[],"[1, 2, 3, 6, 7, 8, 11]",7,0.6887254901960784,0.6542319714953986,1000,408,1000
341,Uniform,mrpc,[],"[2, 3, 4, 6, 7, 8, 11]",7,0.7107843137254902,0.690420320321056,1000,408,1000
342,Uniform,mrpc,[],"[1, 3, 4, 5, 7, 9, 11]",7,0.6617647058823529,0.6379491881720825,1000,408,1000
343,Uniform,mrpc,[],"[7, 8]",2,0.6813725490196079,0.6744025735294118,1000,408,1000
344,Uniform,mrpc,[],"[8, 10]",2,0.6813725490196079,0.6761308845445779,1000,408,1000
345,Uniform,mrpc,[],"[6, 7]",2,0.6936274509803921,0.6897668119993422,1000,408,1000
346,Uniform,mrpc,[],"[7, 8]",2,0.6813725490196079,0.6744025735294118,1000,408,1000
347,Uniform,mrpc,[],"[1, 4]",2,0.6593137254901961,0.6582206144489882,1000,408,1000
348,Uniform,mrpc,[],"[4, 10]",2,0.6740196078431373,0.6673412146745763,1000,408,1000
349,Uniform,mrpc,[],"[4, 9]",2,0.6911764705882353,0.6898438053731875,1000,408,1000
350,Uniform,mrpc,[],"[1, 3]",2,0.6299019607843137,0.6261507280288287,1000,408,1000
351,Uniform,mrpc,[],"[6, 10]",2,0.6911764705882353,0.689142678347935,1000,408,1000
352,Uniform,mrpc,[],"[10, 11]",2,0.7034313725490197,0.6989392254274739,1000,408,1000
353,Uniform,mrpc,[],"[4, 9]",2,0.6911764705882353,0.6898438053731875,1000,408,1000
354,Uniform,mrpc,[],"[6, 10]",2,0.6911764705882353,0.689142678347935,1000,408,1000
355,Uniform,mrpc,[],"[1, 4]",2,0.6593137254901961,0.6582206144489882,1000,408,1000
356,Uniform,mrpc,[],"[2, 4]",2,0.6470588235294118,0.6484788751116507,1000,408,1000
357,Uniform,mrpc,[],"[3, 9]",2,0.6764705882352942,0.670284521790978,1000,408,1000
358,Uniform,mrpc,[],"[5, 7]",2,0.696078431372549,0.6894301470588236,1000,408,1000
359,Uniform,mrpc,[],"[2, 10]",2,0.6936274509803921,0.6864937247024869,1000,408,1000
360,Uniform,mrpc,[],"[1, 10]",2,0.6887254901960784,0.6796541072209452,1000,408,1000
361,Uniform,mrpc,[],"[7, 8]",2,0.6813725490196079,0.6744025735294118,1000,408,1000
362,Uniform,mrpc,[],"[2, 5]",2,0.7058823529411765,0.6986130092175278,1000,408,1000
363,Uniform,mrpc,[],"[1, 3, 4]",3,0.6519607843137255,0.6423393612266648,1000,408,1000
364,Uniform,mrpc,[],"[2, 5, 7]",3,0.6568627450980392,0.6503017655358857,1000,408,1000
365,Uniform,mrpc,[],"[1, 3, 10]",3,0.6715686274509803,0.6604761177026314,1000,408,1000
366,Uniform,mrpc,[],"[2, 3, 7]",3,0.6348039215686274,0.6252470752844982,1000,408,1000
367,Uniform,mrpc,[],"[1, 10, 11]",3,0.6985294117647058,0.69756212645486,1000,408,1000
368,Uniform,mrpc,[],"[1, 3, 4]",3,0.6519607843137255,0.6423393612266648,1000,408,1000
369,Uniform,mrpc,[],"[6, 10, 11]",3,0.6519607843137255,0.6471355936469583,1000,408,1000
370,Uniform,mrpc,[],"[1, 9, 11]",3,0.6862745098039216,0.6794117647058823,1000,408,1000
371,Uniform,mrpc,[],"[2, 3, 7]",3,0.6348039215686274,0.6252470752844982,1000,408,1000
372,Uniform,mrpc,[],"[1, 3, 9]",3,0.6446078431372549,0.6373268881790493,1000,408,1000
373,Uniform,mrpc,[],"[2, 6, 7]",3,0.678921568627451,0.6723436024238307,1000,408,1000
374,Uniform,mrpc,[],"[5, 8, 11]",3,0.7132352941176471,0.7088916477273922,1000,408,1000
375,Uniform,mrpc,[],"[3, 7, 10]",3,0.6568627450980392,0.6521055148631982,1000,408,1000
376,Uniform,mrpc,[],"[1, 2, 4]",3,0.6666666666666666,0.6543404065885144,1000,408,1000
377,Uniform,mrpc,[],"[1, 5, 10]",3,0.7230392156862745,0.7173650921671212,1000,408,1000
378,Uniform,mrpc,[],"[1, 7, 8]",3,0.6838235294117647,0.6694645167711756,1000,408,1000
379,Uniform,mrpc,[],"[3, 5, 11]",3,0.6617647058823529,0.6543658088235296,1000,408,1000
380,Uniform,mrpc,[],"[3, 4, 7]",3,0.6642156862745098,0.647774217181636,1000,408,1000
381,Uniform,mrpc,[],"[1, 4, 5]",3,0.7034313725490197,0.689962841312498,1000,408,1000
382,Uniform,mrpc,[],"[3, 5, 6]",3,0.7083333333333334,0.6989395534419424,1000,408,1000
383,Uniform,mrpc,[],"[7, 8, 9, 11]",4,0.7034313725490197,0.6929433311786254,1000,408,1000
384,Uniform,mrpc,[],"[1, 2, 9, 11]",4,0.6813725490196079,0.6734974266523218,1000,408,1000
385,Uniform,mrpc,[],"[2, 6, 7, 9]",4,0.6715686274509803,0.6604761177026314,1000,408,1000
386,Uniform,mrpc,[],"[3, 4, 9, 11]",4,0.6642156862745098,0.6573364391760673,1000,408,1000
387,Uniform,mrpc,[],"[4, 7, 8, 11]",4,0.6862745098039216,0.6785205431653631,1000,408,1000
388,Uniform,mrpc,[],"[2, 5, 9, 11]",4,0.7132352941176471,0.708137996327094,1000,408,1000
389,Uniform,mrpc,[],"[1, 7, 8, 11]",4,0.6519607843137255,0.6433587275740745,1000,408,1000
390,Uniform,mrpc,[],"[1, 3, 6, 10]",4,0.6691176470588235,0.652916199412561,1000,408,1000
391,Uniform,mrpc,[],"[2, 3, 7, 10]",4,0.6470588235294118,0.6373018874411249,1000,408,1000
392,Uniform,mrpc,[],"[1, 7, 8, 9]",4,0.6911764705882353,0.6817068619676262,1000,408,1000
393,Uniform,mrpc,[],"[5, 7, 8, 9]",4,0.7107843137254902,0.7000894704223878,1000,408,1000
394,Uniform,mrpc,[],"[1, 3, 4, 5]",4,0.696078431372549,0.6783603196118742,1000,408,1000
395,Uniform,mrpc,[],"[2, 7, 8, 10]",4,0.6985294117647058,0.6878680143386026,1000,408,1000
396,Uniform,mrpc,[],"[3, 4, 6, 11]",4,0.6666666666666666,0.6584280771131983,1000,408,1000
397,Uniform,mrpc,[],"[2, 4, 9, 11]",4,0.6593137254901961,0.6532579614484277,1000,408,1000
398,Uniform,mrpc,[],"[1, 2, 3, 9]",4,0.6593137254901961,0.6426322349507109,1000,408,1000
399,Uniform,mrpc,[],"[1, 2, 6, 8]",4,0.6495098039215687,0.6297499449976177,1000,408,1000
400,Uniform,mrpc,[],"[1, 2, 6, 8]",4,0.6495098039215687,0.6297499449976177,1000,408,1000
401,Uniform,mrpc,[],"[1, 2, 3, 5]",4,0.6617647058823529,0.6492571772736401,1000,408,1000
402,Uniform,mrpc,[],"[1, 2, 4, 9]",4,0.6691176470588235,0.6574161132984662,1000,408,1000
403,Uniform,mrpc,[],"[1, 3, 6, 7, 8]",5,0.6740196078431373,0.6503757830734034,1000,408,1000
404,Uniform,mrpc,[],"[5, 7, 9, 10, 11]",5,0.7132352941176471,0.7073603166686123,1000,408,1000
405,Uniform,mrpc,[],"[1, 4, 6, 7, 8]",5,0.678921568627451,0.6582998923363023,1000,408,1000
406,Uniform,mrpc,[],"[1, 2, 6, 7, 11]",5,0.6715686274509803,0.6511328976034858,1000,408,1000
407,Uniform,mrpc,[],"[3, 4, 6, 7, 9]",5,0.6911764705882353,0.6797565531628885,1000,408,1000
408,Uniform,mrpc,[],"[3, 6, 7, 8, 10]",5,0.6862745098039216,0.6746733238480138,1000,408,1000
409,Uniform,mrpc,[],"[2, 4, 8, 10, 11]",5,0.6813725490196079,0.6752802108547512,1000,408,1000
410,Uniform,mrpc,[],"[1, 2, 6, 8, 10]",5,0.6740196078431373,0.6489639588050288,1000,408,1000
411,Uniform,mrpc,[],"[3, 5, 6, 7, 11]",5,0.7156862745098039,0.7051726997372624,1000,408,1000
412,Uniform,mrpc,[],"[2, 3, 7, 9, 11]",5,0.6666666666666666,0.6554085970713274,1000,408,1000
413,Uniform,mrpc,[],"[1, 2, 6, 9, 11]",5,0.6593137254901961,0.6483411590624367,1000,408,1000
414,Uniform,mrpc,[],"[2, 6, 8, 9, 10]",5,0.7058823529411765,0.6920068703156939,1000,408,1000
415,Uniform,mrpc,[],"[1, 5, 8, 10, 11]",5,0.7156862745098039,0.7042343253090709,1000,408,1000
416,Uniform,mrpc,[],"[3, 4, 7, 8, 9]",5,0.6666666666666666,0.6497406497406497,1000,408,1000
417,Uniform,mrpc,[],"[2, 3, 6, 7, 9]",5,0.6666666666666666,0.6543404065885144,1000,408,1000
418,Uniform,mrpc,[],"[4, 6, 7, 9, 11]",5,0.6838235294117647,0.675549481286579,1000,408,1000
419,Uniform,mrpc,[],"[2, 3, 4, 5, 10]",5,0.6740196078431373,0.6568671812616449,1000,408,1000
420,Uniform,mrpc,[],"[1, 2, 3, 6, 7]",5,0.6813725490196079,0.6561774380804953,1000,408,1000
421,Uniform,mrpc,[],"[2, 5, 6, 7, 10]",5,0.7181372549019608,0.707252588514483,1000,408,1000
422,Uniform,mrpc,[],"[2, 3, 6, 9, 11]",5,0.6397058823529411,0.6292059351297556,1000,408,1000
423,Uniform,mrpc,[],"[1, 2, 6, 7, 10, 11]",6,0.6642156862745098,0.6452849123403749,1000,408,1000
424,Uniform,mrpc,[],"[2, 4, 6, 7, 8, 11]",6,0.6764705882352942,0.6634390598344602,1000,408,1000
425,Uniform,mrpc,[],"[1, 2, 4, 6, 7, 10]",6,0.6764705882352942,0.6563398692810458,1000,408,1000
426,Uniform,mrpc,[],"[4, 5, 6, 8, 10, 11]",6,0.7328431372549019,0.7233952322187617,1000,408,1000
427,Uniform,mrpc,[],"[3, 4, 5, 8, 9, 11]",6,0.6862745098039216,0.6714739950034068,1000,408,1000
428,Uniform,mrpc,[],"[1, 5, 7, 8, 9, 11]",6,0.7156862745098039,0.7001955998995082,1000,408,1000
429,Uniform,mrpc,[],"[1, 4, 5, 6, 8, 9]",6,0.6887254901960784,0.6767050325333857,1000,408,1000
430,Uniform,mrpc,[],"[1, 5, 7, 8, 10, 11]",6,0.7034313725490197,0.6855641982141555,1000,408,1000
431,Uniform,mrpc,[],"[1, 2, 4, 6, 8, 10]",6,0.6887254901960784,0.6634137413086175,1000,408,1000
432,Uniform,mrpc,[],"[2, 5, 6, 8, 10, 11]",6,0.7205882352941176,0.7102559290521373,1000,408,1000
433,Uniform,mrpc,[],"[1, 3, 5, 6, 7, 8]",6,0.696078431372549,0.6720461717075494,1000,408,1000
434,Uniform,mrpc,[],"[1, 3, 4, 9, 10, 11]",6,0.6568627450980392,0.644173947958765,1000,408,1000
435,Uniform,mrpc,[],"[1, 2, 5, 7, 10, 11]",6,0.6838235294117647,0.6694645167711756,1000,408,1000
436,Uniform,mrpc,[],"[2, 4, 7, 8, 9, 10]",6,0.6838235294117647,0.6683421461053359,1000,408,1000
437,Uniform,mrpc,[],"[1, 2, 5, 8, 10, 11]",6,0.6838235294117647,0.6671869652838511,1000,408,1000
438,Uniform,mrpc,[],"[1, 3, 4, 7, 8, 10]",6,0.6936274509803921,0.675169626254293,1000,408,1000
439,Uniform,mrpc,[],"[1, 3, 4, 7, 9, 10]",6,0.6568627450980392,0.6368584253682448,1000,408,1000
440,Uniform,mrpc,[],"[2, 4, 5, 6, 9, 11]",6,0.7107843137254902,0.6960985049220344,1000,408,1000
441,Uniform,mrpc,[],"[1, 2, 4, 6, 8, 11]",6,0.6862745098039216,0.6585928489042677,1000,408,1000
442,Uniform,mrpc,[],"[1, 2, 4, 5, 6, 7]",6,0.6593137254901961,0.6374327101889009,1000,408,1000
443,Uniform,mrpc,[],"[1, 3, 4, 5, 6, 9, 11]",7,0.6593137254901961,0.6387886243947738,1000,408,1000
444,Uniform,mrpc,[],"[1, 2, 4, 5, 6, 10, 11]",7,0.6764705882352942,0.6550338892348943,1000,408,1000
445,Uniform,mrpc,[],"[2, 3, 4, 5, 6, 8, 11]",7,0.7083333333333334,0.6859151210360783,1000,408,1000
446,Uniform,mrpc,[],"[1, 4, 5, 6, 8, 10, 11]",7,0.7132352941176471,0.6970681368162328,1000,408,1000
447,Uniform,mrpc,[],"[1, 4, 5, 6, 7, 8, 11]",7,0.7205882352941176,0.7042990035141422,1000,408,1000
448,Uniform,mrpc,[],"[2, 3, 5, 7, 8, 9, 10]",7,0.6813725490196079,0.6627971092705132,1000,408,1000
449,Uniform,mrpc,[],"[1, 2, 3, 4, 6, 7, 10]",7,0.6642156862745098,0.639860769030498,1000,408,1000
450,Uniform,mrpc,[],"[1, 4, 5, 7, 8, 10, 11]",7,0.7132352941176471,0.6936434233142488,1000,408,1000
451,Uniform,mrpc,[],"[1, 3, 6, 8, 9, 10, 11]",7,0.6740196078431373,0.6530830967994519,1000,408,1000
452,Uniform,mrpc,[],"[1, 2, 5, 6, 7, 9, 10]",7,0.6813725490196079,0.6575768921429958,1000,408,1000
453,Uniform,mrpc,[],"[1, 2, 3, 4, 8, 10, 11]",7,0.678921568627451,0.6542426962666071,1000,408,1000
454,Uniform,mrpc,[],"[1, 2, 3, 4, 5, 7, 8]",7,0.6862745098039216,0.6667538126361654,1000,408,1000
455,Uniform,mrpc,[],"[3, 5, 6, 7, 8, 9, 10]",7,0.6985294117647058,0.683768092798111,1000,408,1000
456,Uniform,mrpc,[],"[2, 3, 6, 7, 8, 9, 10]",7,0.696078431372549,0.6759409262509612,1000,408,1000
457,Uniform,mrpc,[],"[1, 2, 3, 5, 6, 9, 10]",7,0.6740196078431373,0.6489639588050288,1000,408,1000
458,Uniform,mrpc,[],"[1, 2, 6, 7, 8, 9, 10]",7,0.6666666666666666,0.64319630138698,1000,408,1000
459,Uniform,mrpc,[],"[2, 3, 5, 7, 9, 10, 11]",7,0.6740196078431373,0.661431254542837,1000,408,1000
460,Uniform,mrpc,[],"[3, 4, 5, 7, 8, 9, 11]",7,0.6715686274509803,0.6583396516501338,1000,408,1000
461,Uniform,mrpc,[],"[1, 2, 3, 4, 7, 8, 9]",7,0.6740196078431373,0.6460189448818529,1000,408,1000
462,Uniform,mrpc,[],"[2, 4, 5, 6, 8, 10, 11]",7,0.6862745098039216,0.6766545899353662,1000,408,1000
463,Uniform,mrpc,[],"[3, 10]",2,0.6666666666666666,0.6593749999999998,1000,408,1000
464,Uniform,mrpc,[],"[6, 7]",2,0.6936274509803921,0.6897668119993422,1000,408,1000
465,Uniform,mrpc,[],"[2, 4]",2,0.6470588235294118,0.6484788751116507,1000,408,1000
466,Uniform,mrpc,[],"[3, 6]",2,0.6568627450980392,0.6546029759421499,1000,408,1000
467,Uniform,mrpc,[],"[1, 7]",2,0.6936274509803921,0.6864937247024869,1000,408,1000
468,Uniform,mrpc,[],"[2, 5]",2,0.7058823529411765,0.6986130092175278,1000,408,1000
469,Uniform,mrpc,[],"[1, 2]",2,0.6421568627450981,0.631184141645027,1000,408,1000
470,Uniform,mrpc,[],"[4, 6]",2,0.678921568627451,0.6764333607786449,1000,408,1000
471,Uniform,mrpc,[],"[4, 5]",2,0.696078431372549,0.6838366925717655,1000,408,1000
472,Uniform,mrpc,[],"[6, 10]",2,0.6911764705882353,0.689142678347935,1000,408,1000
473,Uniform,mrpc,[],"[2, 8]",2,0.6715686274509803,0.6634511936262394,1000,408,1000
474,Uniform,mrpc,[],"[4, 5]",2,0.696078431372549,0.6838366925717655,1000,408,1000
475,Uniform,mrpc,[],"[3, 4]",2,0.6519607843137255,0.6412886857095468,1000,408,1000
476,Uniform,mrpc,[],"[5, 11]",2,0.7107843137254902,0.7044577205882353,1000,408,1000
477,Uniform,mrpc,[],"[3, 5]",2,0.6617647058823529,0.6570754360794382,1000,408,1000
478,Uniform,mrpc,[],"[2, 7]",2,0.6642156862745098,0.6554285188857468,1000,408,1000
479,Uniform,mrpc,[],"[2, 11]",2,0.6666666666666666,0.6574517825832845,1000,408,1000
480,Uniform,mrpc,[],"[3, 10]",2,0.6666666666666666,0.6593749999999998,1000,408,1000
481,Uniform,mrpc,[],"[3, 4]",2,0.6519607843137255,0.6412886857095468,1000,408,1000
482,Uniform,mrpc,[],"[4, 7]",2,0.6593137254901961,0.6513810218691654,1000,408,1000
483,Uniform,mrpc,[],"[1, 5, 6]",3,0.7034313725490197,0.6973555411701032,1000,408,1000
484,Uniform,mrpc,[],"[1, 2, 10]",3,0.6446078431372549,0.6320395290983526,1000,408,1000
485,Uniform,mrpc,[],"[1, 3, 5]",3,0.6691176470588235,0.6574161132984662,1000,408,1000
486,Uniform,mrpc,[],"[2, 5, 11]",3,0.6862745098039216,0.6842084351471084,1000,408,1000
487,Uniform,mrpc,[],"[2, 7, 9]",3,0.696078431372549,0.6918648845931185,1000,408,1000
488,Uniform,mrpc,[],"[2, 3, 11]",3,0.6544117647058824,0.6463649214644054,1000,408,1000
489,Uniform,mrpc,[],"[6, 7, 10]",3,0.6936274509803921,0.6856099624869952,1000,408,1000
490,Uniform,mrpc,[],"[1, 2, 9]",3,0.6740196078431373,0.6624914301384891,1000,408,1000
491,Uniform,mrpc,[],"[1, 6, 8]",3,0.6642156862745098,0.6554285188857468,1000,408,1000
492,Uniform,mrpc,[],"[2, 7, 11]",3,0.6862745098039216,0.6766545899353662,1000,408,1000
493,Uniform,mrpc,[],"[5, 6, 10]",3,0.7009803921568627,0.6975839858887672,1000,408,1000
494,Uniform,mrpc,[],"[1, 5, 9]",3,0.7058823529411765,0.6977515728676041,1000,408,1000
495,Uniform,mrpc,[],"[1, 9, 10]",3,0.6887254901960784,0.6767050325333857,1000,408,1000
496,Uniform,mrpc,[],"[1, 4, 8]",3,0.6666666666666666,0.6652282343710595,1000,408,1000
497,Uniform,mrpc,[],"[2, 6, 7]",3,0.678921568627451,0.6723436024238307,1000,408,1000
498,Uniform,mrpc,[],"[1, 4, 7]",3,0.6617647058823529,0.6562004774396288,1000,408,1000
499,Uniform,mrpc,[],"[6, 8, 11]",3,0.6936274509803921,0.6889868031275558,1000,408,1000
500,Uniform,mrpc,[],"[1, 9, 11]",3,0.6862745098039216,0.6794117647058823,1000,408,1000
501,Uniform,mrpc,[],"[1, 4, 8]",3,0.6666666666666666,0.6652282343710595,1000,408,1000
502,Uniform,mrpc,[],"[1, 2, 7]",3,0.6519607843137255,0.6443474264705883,1000,408,1000
503,Uniform,mrpc,[],"[1, 4, 5, 6]",4,0.7034313725490197,0.6867114919210611,1000,408,1000
504,Uniform,mrpc,[],"[3, 4, 5, 7]",4,0.678921568627451,0.6608198796831323,1000,408,1000
505,Uniform,mrpc,[],"[2, 3, 4, 6]",4,0.6642156862745098,0.6512487358824711,1000,408,1000
506,Uniform,mrpc,[],"[1, 3, 5, 7]",4,0.696078431372549,0.6795194343753365,1000,408,1000
507,Uniform,mrpc,[],"[3, 9, 10, 11]",4,0.6764705882352942,0.6711482827683406,1000,408,1000
508,Uniform,mrpc,[],"[2, 5, 7, 11]",4,0.7058823529411765,0.6940355089404184,1000,408,1000
509,Uniform,mrpc,[],"[3, 5, 8, 9]",4,0.6862745098039216,0.6802758999185241,1000,408,1000
510,Uniform,mrpc,[],"[1, 4, 5, 9]",4,0.6985294117647058,0.6826666413171603,1000,408,1000
511,Uniform,mrpc,[],"[3, 4, 10, 11]",4,0.6691176470588235,0.6649481569592895,1000,408,1000
512,Uniform,mrpc,[],"[2, 5, 6, 10]",4,0.6936274509803921,0.6889868031275558,1000,408,1000
513,Uniform,mrpc,[],"[1, 3, 7, 8]",4,0.6593137254901961,0.6438416110945225,1000,408,1000
514,Uniform,mrpc,[],"[2, 6, 9, 11]",4,0.6642156862745098,0.6573364391760673,1000,408,1000
515,Uniform,mrpc,[],"[1, 5, 8, 9]",4,0.6985294117647058,0.6961931555402544,1000,408,1000
516,Uniform,mrpc,[],"[1, 2, 5, 9]",4,0.6862745098039216,0.6746733238480138,1000,408,1000
517,Uniform,mrpc,[],"[8, 9, 10, 11]",4,0.6911764705882353,0.6868949633768783,1000,408,1000
518,Uniform,mrpc,[],"[4, 6, 8, 10]",4,0.7254901960784313,0.7202414124287086,1000,408,1000
519,Uniform,mrpc,[],"[3, 7, 9, 11]",4,0.6666666666666666,0.6593749999999998,1000,408,1000
520,Uniform,mrpc,[],"[1, 4, 8, 9]",4,0.6764705882352942,0.6719851997281584,1000,408,1000
521,Uniform,mrpc,[],"[2, 4, 5, 10]",4,0.6936274509803921,0.68279269749858,1000,408,1000
522,Uniform,mrpc,[],"[2, 3, 5, 10]",4,0.6544117647058824,0.6432813196244863,1000,408,1000
523,Uniform,mrpc,[],"[1, 3, 4, 8, 9]",5,0.6568627450980392,0.6406746820349762,1000,408,1000
524,Uniform,mrpc,[],"[2, 5, 7, 9, 10]",5,0.7107843137254902,0.7027890466531439,1000,408,1000
525,Uniform,mrpc,[],"[1, 5, 8, 9, 11]",5,0.7352941176470589,0.7287517082957752,1000,408,1000
526,Uniform,mrpc,[],"[3, 4, 8, 9, 10]",5,0.6544117647058824,0.6410662172221052,1000,408,1000
527,Uniform,mrpc,[],"[1, 2, 3, 7, 8]",5,0.6544117647058824,0.6308010486094795,1000,408,1000
528,Uniform,mrpc,[],"[2, 7, 8, 9, 11]",5,0.6764705882352942,0.6684743101392805,1000,408,1000
529,Uniform,mrpc,[],"[1, 2, 6, 7, 8]",5,0.6544117647058824,0.6247268513409117,1000,408,1000
530,Uniform,mrpc,[],"[2, 3, 6, 9, 11]",5,0.6397058823529411,0.6292059351297556,1000,408,1000
531,Uniform,mrpc,[],"[2, 4, 6, 7, 9]",5,0.6887254901960784,0.6796541072209452,1000,408,1000
532,Uniform,mrpc,[],"[2, 4, 8, 9, 11]",5,0.696078431372549,0.692626346313173,1000,408,1000
533,Uniform,mrpc,[],"[4, 5, 7, 8, 9]",5,0.7034313725490197,0.6947885588483022,1000,408,1000
534,Uniform,mrpc,[],"[2, 4, 6, 10, 11]",5,0.6813725490196079,0.6734974266523218,1000,408,1000
535,Uniform,mrpc,[],"[2, 3, 5, 10, 11]",5,0.6862745098039216,0.6766545899353662,1000,408,1000
536,Uniform,mrpc,[],"[1, 2, 5, 6, 7]",5,0.6838235294117647,0.665998202130718,1000,408,1000
537,Uniform,mrpc,[],"[3, 5, 7, 8, 10]",5,0.7058823529411765,0.6930359364384722,1000,408,1000
538,Uniform,mrpc,[],"[2, 3, 4, 5, 10]",5,0.6740196078431373,0.6568671812616449,1000,408,1000
539,Uniform,mrpc,[],"[1, 3, 9, 10, 11]",5,0.6519607843137255,0.6443474264705883,1000,408,1000
540,Uniform,mrpc,[],"[1, 2, 5, 6, 9]",5,0.6936274509803921,0.6775067493060573,1000,408,1000
541,Uniform,mrpc,[],"[1, 2, 5, 8, 11]",5,0.6666666666666666,0.6509411196911198,1000,408,1000
542,Uniform,mrpc,[],"[2, 6, 9, 10, 11]",5,0.6715686274509803,0.6670152785119182,1000,408,1000
543,Uniform,mrpc,[],"[1, 2, 3, 8, 9, 10]",6,0.6544117647058824,0.6362276132172325,1000,408,1000
544,Uniform,mrpc,[],"[5, 7, 8, 9, 10, 11]",6,0.7083333333333334,0.6980186480186479,1000,408,1000
545,Uniform,mrpc,[],"[1, 2, 3, 4, 8, 9]",6,0.6838235294117647,0.6608907971163085,1000,408,1000
546,Uniform,mrpc,[],"[1, 2, 4, 5, 7, 10]",6,0.6838235294117647,0.6608907971163085,1000,408,1000
547,Uniform,mrpc,[],"[2, 4, 5, 7, 9, 10]",6,0.7009803921568627,0.6868736514876221,1000,408,1000
548,Uniform,mrpc,[],"[2, 4, 5, 8, 9, 10]",6,0.696078431372549,0.6876766252965242,1000,408,1000
549,Uniform,mrpc,[],"[4, 5, 6, 7, 9, 11]",6,0.6936274509803921,0.6837600351280907,1000,408,1000
550,Uniform,mrpc,[],"[2, 6, 8, 9, 10, 11]",6,0.6985294117647058,0.691509825107247,1000,408,1000
551,Uniform,mrpc,[],"[1, 2, 4, 8, 9, 10]",6,0.6715686274509803,0.657223462356294,1000,408,1000
552,Uniform,mrpc,[],"[2, 3, 4, 5, 6, 11]",6,0.6838235294117647,0.6581131703056035,1000,408,1000
553,Uniform,mrpc,[],"[2, 5, 6, 7, 8, 9]",6,0.678921568627451,0.668580516814239,1000,408,1000
554,Uniform,mrpc,[],"[3, 4, 5, 6, 7, 8]",6,0.6862745098039216,0.6746733238480138,1000,408,1000
555,Uniform,mrpc,[],"[4, 5, 7, 8, 9, 10]",6,0.7058823529411765,0.6986130092175278,1000,408,1000
556,Uniform,mrpc,[],"[1, 2, 4, 6, 10, 11]",6,0.7034313725490197,0.6867114919210611,1000,408,1000
557,Uniform,mrpc,[],"[1, 3, 4, 5, 7, 10]",6,0.6813725490196079,0.6575768921429958,1000,408,1000
558,Uniform,mrpc,[],"[1, 2, 3, 5, 7, 11]",6,0.6715686274509803,0.6511328976034858,1000,408,1000
559,Uniform,mrpc,[],"[1, 3, 5, 6, 8, 10]",6,0.6985294117647058,0.6712141739184283,1000,408,1000
560,Uniform,mrpc,[],"[4, 5, 8, 9, 10, 11]",6,0.7058823529411765,0.6986130092175278,1000,408,1000
561,Uniform,mrpc,[],"[1, 2, 3, 6, 10, 11]",6,0.6715686274509803,0.657223462356294,1000,408,1000
562,Uniform,mrpc,[],"[1, 2, 3, 4, 5, 7]",6,0.6593137254901961,0.6401065898927891,1000,408,1000
563,Uniform,mrpc,[],"[1, 2, 3, 7, 8, 10, 11]",7,0.6764705882352942,0.647923875432526,1000,408,1000
564,Uniform,mrpc,[],"[1, 2, 3, 4, 7, 9, 10]",7,0.6838235294117647,0.6595214337281857,1000,408,1000
565,Uniform,mrpc,[],"[1, 2, 3, 4, 9, 10, 11]",7,0.6519607843137255,0.634288031346855,1000,408,1000
566,Uniform,mrpc,[],"[1, 2, 4, 5, 8, 9, 10]",7,0.6887254901960784,0.6723468572949542,1000,408,1000
567,Uniform,mrpc,[],"[1, 2, 4, 5, 6, 8, 10]",7,0.6764705882352942,0.6523088443298113,1000,408,1000
568,Uniform,mrpc,[],"[1, 2, 4, 7, 9, 10, 11]",7,0.6446078431372549,0.6331616407485853,1000,408,1000
569,Uniform,mrpc,[],"[3, 4, 5, 6, 7, 10, 11]",7,0.6740196078431373,0.661431254542837,1000,408,1000
570,Uniform,mrpc,[],"[1, 2, 3, 4, 9, 10, 11]",7,0.6519607843137255,0.634288031346855,1000,408,1000
571,Uniform,mrpc,[],"[2, 3, 5, 7, 8, 9, 11]",7,0.6838235294117647,0.6694645167711756,1000,408,1000
572,Uniform,mrpc,[],"[2, 3, 4, 8, 9, 10, 11]",7,0.6470588235294118,0.636236413677287,1000,408,1000
573,Uniform,mrpc,[],"[3, 4, 5, 6, 8, 9, 11]",7,0.6740196078431373,0.6592153545005142,1000,408,1000
574,Uniform,mrpc,[],"[1, 2, 3, 4, 6, 8, 9]",7,0.678921568627451,0.6608198796831323,1000,408,1000
575,Uniform,mrpc,[],"[4, 6, 7, 8, 9, 10, 11]",7,0.7132352941176471,0.7048781932665401,1000,408,1000
576,Uniform,mrpc,[],"[1, 2, 3, 8, 9, 10, 11]",7,0.6544117647058824,0.6362276132172325,1000,408,1000
577,Uniform,mrpc,[],"[1, 3, 5, 7, 8, 9, 10]",7,0.678921568627451,0.6595777683144991,1000,408,1000
578,Uniform,mrpc,[],"[2, 4, 5, 6, 9, 10, 11]",7,0.6936274509803921,0.6817962918635684,1000,408,1000
579,Uniform,mrpc,[],"[1, 2, 3, 4, 8, 10, 11]",7,0.678921568627451,0.6542426962666071,1000,408,1000
580,Uniform,mrpc,[],"[1, 2, 3, 5, 7, 8, 9]",7,0.6862745098039216,0.6628449399561805,1000,408,1000
581,Uniform,mrpc,[],"[1, 2, 3, 4, 5, 8, 11]",7,0.6544117647058824,0.6362276132172325,1000,408,1000
582,Uniform,mrpc,[],"[1, 3, 4, 5, 7, 8, 9]",7,0.6764705882352942,0.6523088443298113,1000,408,1000
583,Uniform,mrpc,[],"[4, 5]",2,0.696078431372549,0.6838366925717655,1000,408,1000
584,Uniform,mrpc,[],"[1, 10]",2,0.6887254901960784,0.6796541072209452,1000,408,1000
585,Uniform,mrpc,[],"[5, 11]",2,0.7107843137254902,0.7044577205882353,1000,408,1000
586,Uniform,mrpc,[],"[7, 10]",2,0.7009803921568627,0.6935898927044866,1000,408,1000
587,Uniform,mrpc,[],"[2, 4]",2,0.6470588235294118,0.6484788751116507,1000,408,1000
588,Uniform,mrpc,[],"[4, 5]",2,0.696078431372549,0.6838366925717655,1000,408,1000
589,Uniform,mrpc,[],"[10, 11]",2,0.7034313725490197,0.6989392254274739,1000,408,1000
590,Uniform,mrpc,[],"[3, 8]",2,0.6421568627450981,0.6389602993140719,1000,408,1000
591,Uniform,mrpc,[],"[2, 8]",2,0.6715686274509803,0.6634511936262394,1000,408,1000
592,Uniform,mrpc,[],"[4, 10]",2,0.6740196078431373,0.6673412146745763,1000,408,1000
593,Uniform,mrpc,[],"[1, 3]",2,0.6299019607843137,0.6261507280288287,1000,408,1000
594,Uniform,mrpc,[],"[3, 10]",2,0.6666666666666666,0.6593749999999998,1000,408,1000
595,Uniform,mrpc,[],"[3, 11]",2,0.6495098039215687,0.6403377970851226,1000,408,1000
596,Uniform,mrpc,[],"[2, 10]",2,0.6936274509803921,0.6864937247024869,1000,408,1000
597,Uniform,mrpc,[],"[1, 10]",2,0.6887254901960784,0.6796541072209452,1000,408,1000
598,Uniform,mrpc,[],"[8, 11]",2,0.6813725490196079,0.679274191946282,1000,408,1000
599,Uniform,mrpc,[],"[4, 7]",2,0.6593137254901961,0.6513810218691654,1000,408,1000
600,Uniform,mrpc,[],"[3, 6]",2,0.6568627450980392,0.6546029759421499,1000,408,1000
601,Uniform,mrpc,[],"[1, 5]",2,0.7009803921568627,0.6944393382352941,1000,408,1000
602,Uniform,mrpc,[],"[3, 11]",2,0.6495098039215687,0.6403377970851226,1000,408,1000
603,Uniform,mrpc,[],"[1, 3, 10]",3,0.6715686274509803,0.6604761177026314,1000,408,1000
604,Uniform,mrpc,[],"[1, 3, 10]",3,0.6715686274509803,0.6604761177026314,1000,408,1000
605,Uniform,mrpc,[],"[1, 3, 11]",3,0.6544117647058824,0.6399087573819232,1000,408,1000
606,Uniform,mrpc,[],"[2, 6, 10]",3,0.6813725490196079,0.6752802108547512,1000,408,1000
607,Uniform,mrpc,[],"[3, 4, 7]",3,0.6642156862745098,0.647774217181636,1000,408,1000
608,Uniform,mrpc,[],"[1, 2, 11]",3,0.6397058823529411,0.6292059351297556,1000,408,1000
609,Uniform,mrpc,[],"[2, 8, 10]",3,0.6666666666666666,0.6564455018063265,1000,408,1000
610,Uniform,mrpc,[],"[2, 3, 9]",3,0.6666666666666666,0.6602931436634318,1000,408,1000
611,Uniform,mrpc,[],"[3, 7, 10]",3,0.6568627450980392,0.6521055148631982,1000,408,1000
612,Uniform,mrpc,[],"[5, 9, 11]",3,0.7132352941176471,0.7048781932665401,1000,408,1000
613,Uniform,mrpc,[],"[6, 7, 10]",3,0.6936274509803921,0.6856099624869952,1000,408,1000
614,Uniform,mrpc,[],"[2, 4, 5]",3,0.6715686274509803,0.6634511936262394,1000,408,1000
615,Uniform,mrpc,[],"[2, 4, 11]",3,0.6544117647058824,0.648268867368549,1000,408,1000
616,Uniform,mrpc,[],"[2, 8, 11]",3,0.6764705882352942,0.6675267301543645,1000,408,1000
617,Uniform,mrpc,[],"[5, 9, 11]",3,0.7132352941176471,0.7048781932665401,1000,408,1000
618,Uniform,mrpc,[],"[2, 6, 7]",3,0.678921568627451,0.6723436024238307,1000,408,1000
619,Uniform,mrpc,[],"[5, 6, 9]",3,0.7058823529411765,0.7010438934257642,1000,408,1000
620,Uniform,mrpc,[],"[1, 6, 9]",3,0.6911764705882353,0.6826391515109844,1000,408,1000
621,Uniform,mrpc,[],"[1, 2, 8]",3,0.6519607843137255,0.6390907186438902,1000,408,1000
622,Uniform,mrpc,[],"[3, 4, 7]",3,0.6642156862745098,0.647774217181636,1000,408,1000
623,Uniform,mrpc,[],"[1, 4, 5, 8]",4,0.7009803921568627,0.6868736514876221,1000,408,1000
624,Uniform,mrpc,[],"[1, 6, 10, 11]",4,0.6911764705882353,0.6844209558823529,1000,408,1000
625,Uniform,mrpc,[],"[1, 2, 3, 10]",4,0.6691176470588235,0.658460837938338,1000,408,1000
626,Uniform,mrpc,[],"[1, 2, 3, 8]",4,0.6617647058823529,0.6492571772736401,1000,408,1000
627,Uniform,mrpc,[],"[1, 2, 8, 9]",4,0.6740196078431373,0.6645196555935884,1000,408,1000
628,Uniform,mrpc,[],"[1, 2, 4, 8]",4,0.6495098039215687,0.6413488210596452,1000,408,1000
629,Uniform,mrpc,[],"[3, 5, 8, 10]",4,0.6887254901960784,0.6756624977837181,1000,408,1000
630,Uniform,mrpc,[],"[3, 5, 9, 11]",4,0.6862745098039216,0.6776016777254444,1000,408,1000
631,Uniform,mrpc,[],"[2, 4, 9, 10]",4,0.7009803921568627,0.6935898927044866,1000,408,1000
632,Uniform,mrpc,[],"[1, 2, 3, 8]",4,0.6617647058823529,0.6492571772736401,1000,408,1000
633,Uniform,mrpc,[],"[1, 2, 4, 5]",4,0.6911764705882353,0.6731725828314203,1000,408,1000
634,Uniform,mrpc,[],"[2, 4, 7, 10]",4,0.6740196078431373,0.6707155419061868,1000,408,1000
635,Uniform,mrpc,[],"[2, 8, 9, 11]",4,0.7181372549019608,0.7131270904069726,1000,408,1000
636,Uniform,mrpc,[],"[2, 4, 8, 11]",4,0.6568627450980392,0.6512178756633915,1000,408,1000
637,Uniform,mrpc,[],"[2, 3, 4, 9]",4,0.6740196078431373,0.6603394661829489,1000,408,1000
638,Uniform,mrpc,[],"[4, 6, 8, 9]",4,0.6764705882352942,0.6727957880107972,1000,408,1000
639,Uniform,mrpc,[],"[4, 6, 9, 11]",4,0.6862745098039216,0.6794117647058823,1000,408,1000
640,Uniform,mrpc,[],"[1, 3, 7, 10]",4,0.6617647058823529,0.6492571772736401,1000,408,1000
641,Uniform,mrpc,[],"[2, 3, 7, 8]",4,0.6544117647058824,0.6432813196244863,1000,408,1000
642,Uniform,mrpc,[],"[1, 5, 7, 8]",4,0.7156862745098039,0.7022733079718374,1000,408,1000
643,Uniform,mrpc,[],"[1, 3, 5, 8, 11]",5,0.6617647058823529,0.6433361447080357,1000,408,1000
644,Uniform,mrpc,[],"[2, 4, 5, 7, 11]",5,0.696078431372549,0.6838366925717655,1000,408,1000
645,Uniform,mrpc,[],"[1, 4, 5, 7, 10]",5,0.7107843137254902,0.6991349171247446,1000,408,1000
646,Uniform,mrpc,[],"[2, 3, 7, 8, 11]",5,0.678921568627451,0.6595777683144991,1000,408,1000
647,Uniform,mrpc,[],"[1, 5, 6, 8, 9]",5,0.6911764705882353,0.6797565531628885,1000,408,1000
648,Uniform,mrpc,[],"[1, 3, 6, 8, 10]",5,0.696078431372549,0.6733810355825499,1000,408,1000
649,Uniform,mrpc,[],"[3, 4, 5, 6, 10]",5,0.7058823529411765,0.6950062411075129,1000,408,1000
650,Uniform,mrpc,[],"[1, 2, 3, 6, 9]",5,0.6666666666666666,0.6459259259259259,1000,408,1000
651,Uniform,mrpc,[],"[1, 5, 7, 8, 11]",5,0.678921568627451,0.663200163874411,1000,408,1000
652,Uniform,mrpc,[],"[4, 5, 6, 9, 11]",5,0.6887254901960784,0.6840105919775966,1000,408,1000
653,Uniform,mrpc,[],"[3, 5, 8, 9, 10]",5,0.6985294117647058,0.6906402030872033,1000,408,1000
654,Uniform,mrpc,[],"[6, 7, 8, 9, 11]",5,0.7303921568627451,0.7244944852941176,1000,408,1000
655,Uniform,mrpc,[],"[1, 2, 7, 8, 10]",5,0.6691176470588235,0.6436852213434502,1000,408,1000
656,Uniform,mrpc,[],"[2, 8, 9, 10, 11]",5,0.6936274509803921,0.6856099624869952,1000,408,1000
657,Uniform,mrpc,[],"[1, 5, 7, 8, 11]",5,0.678921568627451,0.663200163874411,1000,408,1000
658,Uniform,mrpc,[],"[1, 2, 3, 5, 11]",5,0.6544117647058824,0.6410662172221052,1000,408,1000
659,Uniform,mrpc,[],"[1, 4, 5, 8, 9]",5,0.6764705882352942,0.6588432688511646,1000,408,1000
660,Uniform,mrpc,[],"[1, 2, 4, 5, 7]",5,0.6862745098039216,0.6654874077429276,1000,408,1000
661,Uniform,mrpc,[],"[1, 4, 6, 9, 11]",5,0.678921568627451,0.6695644728027074,1000,408,1000
662,Uniform,mrpc,[],"[3, 4, 8, 10, 11]",5,0.6691176470588235,0.6574161132984662,1000,408,1000
663,Uniform,mrpc,[],"[1, 2, 4, 6, 9, 11]",6,0.6666666666666666,0.6497406497406497,1000,408,1000
664,Uniform,mrpc,[],"[1, 2, 3, 4, 6, 9]",6,0.678921568627451,0.6528125993025896,1000,408,1000
665,Uniform,mrpc,[],"[1, 5, 6, 7, 9, 10]",6,0.6911764705882353,0.6743503929942934,1000,408,1000
666,Uniform,mrpc,[],"[2, 3, 6, 7, 8, 10]",6,0.7181372549019608,0.6976933462664766,1000,408,1000
667,Uniform,mrpc,[],"[2, 3, 4, 6, 8, 9]",6,0.6862745098039216,0.6714739950034068,1000,408,1000
668,Uniform,mrpc,[],"[2, 3, 4, 7, 8, 9]",6,0.6495098039215687,0.6335924488238612,1000,408,1000
669,Uniform,mrpc,[],"[1, 5, 6, 7, 9, 11]",6,0.6887254901960784,0.673484128336261,1000,408,1000
670,Uniform,mrpc,[],"[3, 5, 6, 8, 10, 11]",6,0.7132352941176471,0.6959587701740183,1000,408,1000
671,Uniform,mrpc,[],"[4, 6, 7, 8, 9, 11]",6,0.7107843137254902,0.7019159500966656,1000,408,1000
672,Uniform,mrpc,[],"[1, 3, 4, 5, 7, 9]",6,0.6715686274509803,0.6484434146018773,1000,408,1000
673,Uniform,mrpc,[],"[1, 6, 7, 8, 9, 11]",6,0.7156862745098039,0.7022733079718374,1000,408,1000
674,Uniform,mrpc,[],"[1, 3, 4, 5, 6, 8]",6,0.696078431372549,0.6746789806763639,1000,408,1000
675,Uniform,mrpc,[],"[1, 2, 3, 4, 5, 10]",6,0.678921568627451,0.6582998923363023,1000,408,1000
676,Uniform,mrpc,[],"[1, 2, 4, 6, 9, 10]",6,0.6617647058823529,0.6433361447080357,1000,408,1000
677,Uniform,mrpc,[],"[1, 5, 6, 8, 9, 11]",6,0.7107843137254902,0.7010162827530635,1000,408,1000
678,Uniform,mrpc,[],"[4, 5, 6, 7, 8, 11]",6,0.7058823529411765,0.6920068703156939,1000,408,1000
679,Uniform,mrpc,[],"[2, 4, 5, 8, 9, 10]",6,0.696078431372549,0.6876766252965242,1000,408,1000
680,Uniform,mrpc,[],"[2, 3, 8, 9, 10, 11]",6,0.6764705882352942,0.6645068652182641,1000,408,1000
681,Uniform,mrpc,[],"[2, 3, 5, 7, 10, 11]",6,0.6862745098039216,0.6736378762031129,1000,408,1000
682,Uniform,mrpc,[],"[1, 2, 6, 7, 8, 9]",6,0.6691176470588235,0.6504632347879608,1000,408,1000
683,Uniform,mrpc,[],"[1, 2, 3, 5, 6, 10, 11]",7,0.6862745098039216,0.6691813516132507,1000,408,1000
684,Uniform,mrpc,[],"[2, 3, 4, 6, 7, 10, 11]",7,0.6691176470588235,0.6540907733651836,1000,408,1000
685,Uniform,mrpc,[],"[3, 4, 5, 6, 7, 8, 11]",7,0.7009803921568627,0.6899230117926382,1000,408,1000
686,Uniform,mrpc,[],"[2, 3, 7, 8, 9, 10, 11]",7,0.678921568627451,0.6608198796831323,1000,408,1000
687,Uniform,mrpc,[],"[2, 3, 5, 6, 8, 10, 11]",7,0.6813725490196079,0.6685384680187865,1000,408,1000
688,Uniform,mrpc,[],"[2, 3, 6, 7, 8, 10, 11]",7,0.7132352941176471,0.6959587701740183,1000,408,1000
689,Uniform,mrpc,[],"[2, 3, 5, 7, 9, 10, 11]",7,0.6740196078431373,0.661431254542837,1000,408,1000
690,Uniform,mrpc,[],"[1, 2, 4, 5, 7, 10, 11]",7,0.696078431372549,0.6733810355825499,1000,408,1000
691,Uniform,mrpc,[],"[1, 2, 3, 8, 9, 10, 11]",7,0.6544117647058824,0.6362276132172325,1000,408,1000
692,Uniform,mrpc,[],"[1, 3, 7, 8, 9, 10, 11]",7,0.6862745098039216,0.6736378762031129,1000,408,1000
693,Uniform,mrpc,[],"[1, 2, 3, 4, 5, 8, 9]",7,0.6544117647058824,0.6335913384148424,1000,408,1000
694,Uniform,mrpc,[],"[1, 2, 3, 4, 6, 9, 10]",7,0.6911764705882353,0.6653617136811752,1000,408,1000
695,Uniform,mrpc,[],"[2, 3, 6, 8, 9, 10, 11]",7,0.6764705882352942,0.6645068652182641,1000,408,1000
696,Uniform,mrpc,[],"[1, 3, 4, 5, 6, 7, 9]",7,0.6617647058823529,0.6445897769427182,1000,408,1000
697,Uniform,mrpc,[],"[2, 4, 5, 6, 7, 8, 10]",7,0.7034313725490197,0.6867114919210611,1000,408,1000
698,Uniform,mrpc,[],"[1, 2, 5, 6, 7, 8, 9]",7,0.6813725490196079,0.6615468409586056,1000,408,1000
699,Uniform,mrpc,[],"[1, 2, 5, 6, 9, 10, 11]",7,0.6813725490196079,0.666340776175335,1000,408,1000
700,Uniform,mrpc,[],"[1, 2, 3, 5, 9, 10, 11]",7,0.6715686274509803,0.6511328976034858,1000,408,1000
701,Uniform,mrpc,[],"[1, 3, 5, 6, 7, 9, 11]",7,0.6740196078431373,0.6517485068444027,1000,408,1000
702,Uniform,mrpc,[],"[1, 2, 3, 5, 7, 9, 11]",7,0.6617647058823529,0.639353611472844,1000,408,1000
703,Uniform,mrpc,[],[],0,0.6519607843137255,0.6453060764721128,1000,408,1000
